basin_id,KGE,alpha,beta,r
9,0.044730803282646114,0.15720794112437397,0.8172442442550286,0.589097192227546
10,0.08243467972392704,0.18502282455750463,0.7411551467787478,0.6672273111537352
12,0.26771329084399453,1.2858522224007045,0.8537449099975286,0.3418649226765989
13,0.5736527250236949,1.2994662596468902,0.7809532413008982,0.7899750592995206
18,0.21575328935406746,1.3169340599904302,0.7875179869729588,0.31483790318135396
20,-1.5104462334281776,3.2953993170098945,0.4755838837507596,0.12909816659838325
21,-0.5906291820793108,2.278807430624777,0.1874326624466886,0.5157613478844592
23,0.2915945691310573,1.4493230454571258,0.8496697190810615,0.47336173520662295
24,0.3273090968874185,1.5594215013027921,0.8813207648168558,0.6457742610327497
26,-0.47184807882274526,2.389221082951258,0.7330765920703842,0.5936092470082762
27,0.2687853641850243,0.9653223481521501,0.6654990480822162,0.3507069865935386
30,0.2683045280976588,1.6791155469603904,1.0612817758778867,0.7346231332155498
33,0.4163334260327417,1.3981295415321562,0.9362888097988037,0.5779805431390407
38,0.15083611706692845,0.22092455914870932,0.8849509199072069,0.6823768479626517
41,0.47883211800447223,0.6304057126322188,0.6968131102248339,0.7924096971502098
42,0.4427017577067437,0.5727362489833999,1.0532768998214115,0.6461800035670722
43,0.18838243728827664,0.2326759459753591,0.8795202738421393,0.7645822865580519
49,0.15685244363919293,0.28785866156497425,0.6630346206025955,0.6996554495637821
53,0.17808660221166217,0.29624850689677534,0.9992363245366435,0.5754120983603761
55,0.3356166745246998,1.2285532237676169,0.6716867521306537,0.4695482695395089
59,-0.0027943213702308345,1.8602375749856483,0.6513442132164569,0.6204912281678576
61,0.344496454635823,0.44196957553935085,0.8095284985665873,0.7136303952878817
62,0.04790919814706063,1.7805188222419386,0.7211411024418145,0.5314864160436076
64,-2.602176556829303,4.422978335437945,0.33701891272319967,0.09481971983125732
65,0.5945033193915163,0.7905712104810251,0.7600848689084422,0.7489863151570494
67,0.6001363518252509,0.7472575670971079,1.1497056590364414,0.7287060350940122
70,-0.12462751703231523,1.7976110019556613,0.8626354510175899,0.2191448775166962
72,0.2337759273704786,1.6044573185051219,0.6945005627779776,0.641669463428533
79,-0.42011534575345366,2.0999470752759457,0.894954676470118,0.10791844159805278
81,-0.3943000778715626,2.068204833150124,0.3820724625610356,0.3510187213316719
83,0.22131286970154518,1.6499870910073644,0.7058161262669066,0.6880284037742886
86,0.1182223741731101,0.3657055176120383,0.5163030457506588,0.6241814966356698
89,0.3926853069345718,1.371824266691135,0.7603019945439169,0.5839198186729745
92,0.46857375514302546,0.6074418344179965,0.96637973699544,0.6433746808298917
94,0.5393473270147425,0.6678585419888766,0.817945376830308,0.7378186673669364
98,0.268649140303568,0.4156493715841487,0.7747475853511817,0.6222834756810517
99,0.3636802058864218,0.4912829021428358,0.7156728891465924,0.7445241914343257
4195,0.08514947167988896,0.3155434411920121,0.6643780460521264,0.49420497007134884
4199,0.4068821045435379,1.162395277114056,0.6335417794166032,0.5628215645201583
4200,-0.10871667652032402,0.5977102182828591,1.8287497942378204,0.3830807355325836
106,0.174809058329645,0.33955337843004213,0.6160024264531987,0.6880765898785326
109,0.24434828168931788,0.35220037142861266,0.8231946579045545,0.6534382715659857
110,-4.014064882684543,5.905167417037456,0.6965088390883011,0.005981703461692988
4208,0.1176415473961906,0.5285168775271274,0.49987884239098457,0.4467017695524072
4209,-0.15031703438515343,0.31753261086520024,0.40436268456943986,0.2909980741698517
116,0.2695776578071839,1.6114596604797657,0.6857326351227236,0.7532817295912159
117,0.5201074736927129,0.7725714476289578,0.7481303069198266,0.660684883803121
4212,-0.14850590548462983,0.7902628587881133,0.239385233940594,0.16540948712453613
119,0.1657838970156552,0.27783635497934317,0.7912707269442628,0.6382980966894296
4213,-0.33014539309487856,0.8453136600468137,2.233349418678034,0.5264938073794897
122,0.31367618465441605,0.4391256683726578,0.6718491195870727,0.7791440213253847
124,0.49765046237931254,0.5657610368272246,0.9421388988385797,0.7541470484563194
128,0.3549417494581717,0.5083028703657436,0.8865285521172533,0.5981812475544346
134,0.37389146746880675,0.5028849222428363,0.9633359452412262,0.6211276718160866
4233,-0.22480810617860936,1.5291623240247478,0.3906652567956782,0.07866764817592409
139,0.39119388836038904,0.5274202350109888,0.8176734202091842,0.6622571013411879
145,0.195044651999432,0.3080811972784471,0.9648381714125451,0.5901645104124402
152,-3.3498095713286986,5.2443255399143025,0.8630685410810923,0.05777189937242093
4258,-0.6654183896499986,0.042982564781198856,0.06541206895444045,0.007890409069843538
163,0.1594435301343229,0.28596325025620917,0.7770532439356542,0.6166184107070904
179,0.37474394096067554,0.4412865340418732,0.8996958397294197,0.7378483687732269
183,0.5492118500236522,0.6015498245651002,0.9322600887186051,0.8003535167487678
184,0.3119415205393157,1.4296129774910016,0.9352992965591769,0.466454332129547
4280,-0.10564528458026867,0.20595475891219003,0.6158269110447411,0.3334006539584967
187,-0.4087964027606972,1.3546244730591326,2.099103572933645,0.19320379059919418
189,0.6519343129022651,0.7417875860294808,1.079960756343703,0.7807231219410526
201,0.389935795567534,0.45390332551688106,0.9253764223374664,0.7384888581625251
208,0.2565141645522213,0.3612813705736004,0.7865639921112039,0.684952748827042
210,0.39437882844840555,0.6950502720223806,0.7385723777331437,0.5467470185935898
214,0.2836310535075416,0.38032633687224315,0.8421144832726845,0.6771049979756721
215,-2.724982163726522,4.580160764472354,0.5386491982813644,0.0807087195197486
217,0.5446210403124281,1.1612564133921206,0.6956730454207072,0.7020881493083267
222,-3.1380561104167235,5.060568039906457,0.420497343853721,0.4527594333688123
223,0.7148825032342695,0.7808123902803827,0.8809592938792177,0.8618765443756108
228,-1.712595639377589,3.5989438457428586,0.8417824164100568,0.23932057626843276
230,0.21302648812568425,1.3249861660679783,1.4686107512981441,0.4576760525073421
231,0.08552958896494722,1.841538670949374,0.837563691182285,0.6811218986304396
242,-0.020414377734621514,1.8234676718086213,1.3471371969508292,0.5074126856416775
4341,-0.1346005264808905,0.2019065758838679,0.8694518636380606,0.2041844276682403
246,0.333664779094594,0.4227947849792027,0.758246664305359,0.7711068130057919
247,0.28553591889099605,0.4372145330662737,0.8027287600996952,0.6065339921780822
4342,0.0999913070214663,0.3651720681857991,0.7414510605782997,0.4167662643936424
249,-1.034417483200829,2.9901899743784726,0.7970868464339474,0.6301018870736291
4346,-0.16702787649445527,0.16317598744549813,0.9322867600354174,0.18938631046543566
251,-0.6960495678503806,2.031768553007633,2.169082070046066,0.3327032870403122
254,0.1674360561699666,1.2891329567996246,1.5453027100937307,0.44124262132607306
4352,-0.3856034472885448,0.16504458246612388,1.8513948364735489,0.29439869877181435
258,0.5013252886192574,0.6597132243090128,0.9273438578796432,0.6427851303869264
262,0.45384530757406116,1.440888299078671,1.048053254863921,0.6812628975293727
272,-1.0292274249197817,1.4566427239021988,2.844916416534933,0.2889973412471307
274,-1.221006318167979,2.1119566085254387,2.737113342892804,0.1760711195482492
276,0.6164662361632575,0.7446162107314551,0.8966579722213651,0.733171040784143
277,-4.146045283353048,6.028387689283871,0.5686433267724298,-0.005500236221059468
279,0.4698396488709704,0.5904602821200702,0.7799129542926113,0.7452277297273558
284,-2.608838753537971,1.709125653202102,4.435067478852377,0.15078308263497178
289,0.28764590697351833,1.5441331703794363,0.9198347809298374,0.5472959196165362
290,-0.41166422698277594,1.7815318544157341,1.931301850091796,0.2825874866633703
4385,0.7299297637658945,0.8457861005065419,1.0914234955329614,0.7980154704758263
294,0.13483484928020428,1.6526155230077546,0.5598809659817716,0.6409749966308986
4393,0.6901413402740447,0.94989757649985,1.23691056884488,0.8066725096211811
302,-2.4290250156741697,1.1490385103164213,4.3664042146737225,0.3649230408927597
303,-13.682809944314013,1.5127867828932897,15.651238005002575,0.18563982360103196
4399,0.4071663551858944,0.7571682073776255,0.7735209649301683,0.5088872862679901
306,-0.02203584326075525,1.8066807994710026,1.2589051150287591,0.4283432025362664
308,-1.4743176510400353,3.221665320541819,1.8039034636267437,0.2650236310472161
316,-0.6137533731893476,2.463800847279012,1.3418193963554137,0.412933965161954
319,-0.04366547786508779,1.9586672055009096,1.0097579147067464,0.5875686700976577
4416,0.28229926146475914,0.8869042451758354,1.452552827354915,0.45456472539094517
322,0.5487996265781494,1.1487914205424896,0.6953677632185266,0.702271784235216
323,-0.6510985849996989,2.5419202794651974,0.9011207045035361,0.4179078474295516
328,-6.997790294812531,1.2169283887973503,8.986828295205596,0.6419979653206223
336,0.18353358197937553,1.736719795717766,0.7662969704517684,0.7368569812193748
341,0.5631182507990815,0.6285248957926262,0.846547568237891,0.8287567200580697
4438,0.05354784696903914,0.27752683233636605,0.8894209242033841,0.39868771176785167
347,-6.558696611984563,1.005405907630488,8.51978577776672,0.2340449721511167
349,-0.5507290385788806,1.8761582020656062,2.0963242719936996,0.3403179199929504
353,0.6369051361742065,0.7334630872672896,1.2252292344939477,0.8996618406743611
357,0.41642258570607815,0.5301439773067358,0.7735669163047306,0.7382253354102087
4456,0.23235770128413757,0.8772691619697193,1.6304217672358672,0.5795475822767048
366,0.6597147670260981,1.1927428929158657,1.2133748014291033,0.8180235973385106
374,0.022169057709235385,1.9140511156337026,1.013268416510379,0.6528863891557473
377,0.32478951941150325,1.4979250575028804,1.1767176186736743,0.5795826912963645
4475,0.6347074430359378,1.2101470391766396,1.2370487766532043,0.8181078572729055
381,-0.17276574524606225,2.126105143894068,0.7498254012877831,0.7886250528632758
384,-0.007736694447356918,1.952291485233679,0.7387909311051785,0.7988930761653903
397,0.04281958573582745,1.8530242306129727,0.7287633801827604,0.660920800537401
399,0.7440001852092386,0.9519426471538749,1.2282709694053715,0.8945544664907084
406,-0.6901889790069069,2.394251447823059,1.8071877639955072,0.4888741851015088
409,0.47322656171695143,1.2770225495918313,1.2087307657150645,0.6035403806915652
413,0.16581872301282397,1.743719222791996,0.8885942651208615,0.6389890822126507
418,0.26229600498646743,0.4020143520060967,0.7584454444181432,0.6418495487509623
422,0.5864798445312933,0.6302386693182945,1.1666338422526275,0.9193238577553172
423,0.17402928815542895,1.329455053332306,1.6946923386162858,0.6981895639202139
4527,-4.277496855695976,0.3684566090605028,6.2116287191174155,0.4595815498041225
4528,-1.1762488480631599,0.9794049959070673,3.119520436670165,0.5067779272577547
435,-18.33465186547779,0.5567726355400109,20.31235027001715,0.18425536423078792
442,-0.6926653980174955,1.9301508156595877,2.2812625824466752,0.4014168356898044
444,0.6405553615913215,1.3307498464795078,0.9379268897801284,0.8736991048243946
4552,-0.3423756828683633,0.835858757143956,0.09907691939861471,0.018487020366165643
460,0.27665241662289086,0.6595508281954232,1.5728375429676105,0.7186048380623562
4559,-0.8283205145892454,0.7288712625231838,2.7628688304199622,0.598081353361324
469,0.5446160964422366,1.1600813714905986,1.2806915831708547,0.6791251189977089
4569,0.33642631337231055,0.7210646617497304,1.2182083041763163,0.43883135275715307
475,0.7050678323122554,0.8978851413930989,1.1352113107941357,0.7585969332795954
478,0.6870531059135757,0.8812616732926906,0.8813491745625488,0.7358808035903119
488,0.28777849852534365,0.5916975345066976,1.5176785970131224,0.730635128442052
490,0.044166860057728075,1.796082648815622,1.3674094081819317,0.6193692938739592
4593,-1.0156520815614503,2.9518063858038,0.7663557096221086,0.5542248416383798
516,0.4851506919006072,1.4547987573833658,1.030708223337906,0.7606573474025177
518,0.7436279749367405,1.075950897855193,1.077587775916802,0.7677539809204241
523,0.3778618185308017,0.45195942884916557,0.8986168652839005,0.7235422107995408
529,0.3960367268175292,0.6718426459867687,1.4266644369227606,0.7260623344158341
537,0.22789924799795402,0.35547663451790285,0.8308256701520425,0.6099881428594123
541,-0.3955248321682501,1.228019818675322,2.2679030184412614,0.46341966555134195
542,-1.5300566571209862,1.6788659196930216,3.3949216951751033,0.5475866654251041
4639,-2.027760683644442,3.7754405569759677,0.047048841330870686,0.25424631324602054
544,-6.33628096197858,0.6425885166325431,8.29539978426955,0.31413020745462744
546,-5.903663718233775,0.7291015311967654,7.870352134344241,0.3791551690083995
547,-0.5639596012697741,1.9480607252604858,2.133760458969859,0.48839691429886156
548,-0.3605423818947877,2.2696459157899787,0.9363723661722493,0.5152048415430999
4649,0.6891958546373556,0.8166460166996952,1.1136323371869419,0.7762406973376337
559,0.15766827516409687,1.1781715191789368,1.728904097452601,0.617277566459312
4658,-0.25639555849264317,0.86217064569467,2.1530247319260374,0.5203471713221048
564,0.653772240809712,1.031623967100934,0.7778808000075956,0.7363019777596704
568,0.637816267467237,1.0452711671444979,0.8463310519089128,0.6751716885348235
571,-5.788111160753324,0.8453741087684663,7.7574948746461825,0.3748544300442702
573,0.06477751433075496,0.4332860306656055,1.640757054626234,0.6219698800236552
575,-6.235306155885989,1.377852928983814,8.18379156004101,0.22538967516331607
4674,0.26946017518530696,1.0007404955595678,0.7440031560848449,0.3157825614528023
583,-0.557096697645352,2.4855333901909953,0.9340417563440121,0.5380582476766944
585,0.3247545594638256,0.6243968088068323,1.4888919735531438,0.7245670936040627
586,-1.709010796423815,3.672324156686565,0.8685865164504041,0.575554958714805
587,0.330188663559598,0.4350343210054444,1.0474424423172517,0.6433345788427586
588,-4.359287833305224,0.6493116439865179,6.312278120660927,0.38462619009485605
4688,-0.34715039630275957,0.5483451747507567,2.155764516310854,0.47556650381149834
593,0.1237135384513427,0.6307061610779489,1.6966709796521386,0.6177048661855478
4692,0.3373694367467712,0.9327637196864536,1.556805593030598,0.6471174734607371
4693,0.3228183653489869,1.218712215385232,1.493594902507259,0.59121643211994
600,0.6914886383904888,1.0374864510201158,0.799748700974386,0.768324702502349
602,-2.1625538763828094,1.3267010036701246,4.06953945189642,0.31229291956800687
603,0.03878000569429718,1.9272572957746394,0.9147203154224322,0.7615358301880373
605,-0.5320615877749599,2.4994265801837536,0.7744687978452613,0.7807551226855606
609,0.40930561175762326,1.3214735844022356,0.5394841779740766,0.8169705693162918
614,-7.837248070488288,0.8248767443320203,9.817461408165881,0.43550055785804903
4711,-1.289799369588554,0.6102245456640046,3.2082662797150667,0.5365172214216735
617,0.6353673248437717,1.0714417654125787,1.1167858640067911,0.6620441982825138
619,-3.231341852874757,5.165007480856527,0.39055775835813583,0.5692486629141041
4716,-0.386061349461861,0.6161806271962185,2.272270220747393,0.606074576941362
625,-3.3887483748901968,1.179371549009609,5.3444053625937755,0.40411394463900846
4722,-2.145203101200809,0.6505605341306804,4.083188647544902,0.4860521707931921
4726,-0.0005341930920548243,1.1953194354754997,1.9565711914733335,0.7811609145623474
2679,-4.275823244084755,0.7290708225327652,6.24101534168974,0.45901342734343253
4729,-0.7387337757628571,1.3519137788992113,2.660279660798206,0.622080321841753
634,-7.308038566524742,1.0092599761605376,9.297927744588584,0.5903486588682922
637,0.03350806572625964,1.9309164517164015,1.0038644991188408,0.740218775531215
2687,-1.372436583045582,0.28011713710422165,3.21827716397249,0.5647179901717259
2690,-0.17252009653520806,0.8050051123164397,2.0705545186392245,0.5633154534708749
644,0.7194797607178794,0.7703957520536671,0.9308862139123525,0.8544088651581837
646,-17.898013800289128,1.0058011128320525,19.884026012902602,0.27305193650015747
4744,0.23963586090731026,1.4331073345962082,0.49746678955792845,0.6284733749245958
651,0.07839900153605817,1.8071334620860557,0.6561120385659219,0.7178208995488395
2700,-0.7735182562189391,0.7523264166727585,2.6495491712998667,0.39749495211439656
653,0.6035672376820987,1.098835077619609,0.6614666654078003,0.8189316597502113
654,-9.455758701155077,11.39976864298254,1.8783151088357037,0.37050436156547145
655,-0.21123142511320525,2.028659376154198,0.3960911886183163,0.7896773893101724
2702,-1.217904748227265,0.8292558684558262,3.1122393363554286,0.34548269716908814
2704,-0.6173848854595798,0.8371741623367662,2.4551623093134727,0.31303255691710863
2705,-1.5658113517952916,0.9878593783495299,3.4458714944534607,0.22478833153291833
2707,0.38718377032507956,0.7229319938979502,0.7102031927251307,0.5365403341811592
4747,0.5350170748597742,1.1723915102058677,1.2219070951511177,0.6295306638836438
2709,-0.4365552336674188,0.7878113631425442,2.3405037683701186,0.5291321111486383
4754,0.4843528832460966,1.3743636706904583,1.098408193934628,0.6593247610255415
663,0.29583810679688805,1.4685390098950588,0.5319244539670936,0.760792033468897
4758,0.016910879736474094,0.865932894051239,1.8150393048949027,0.4668947937231614
665,0.838083060719125,0.9624432612171084,0.9240500702827659,0.8620210350305981
4759,-0.41826437668878014,1.2604527663096654,2.3059756475151327,0.5120801225575184
667,0.036158459793421804,1.467138595391228,1.6883889263239065,0.5132837238818505
668,0.5605312866258112,1.1254138993044012,1.1176000481474504,0.595556762237582
4760,0.43972389985750293,0.928726374034005,1.4511720886481292,0.6755417976727518
670,0.6043575784241784,0.6813510820764772,1.0847458259265301,0.7813360161238747
4764,-1.8851859197179741,0.6890918988286029,3.82588231696143,0.5080415925613753
672,0.3575376010754727,0.48446226607435977,0.8489953383823138,0.6476133216189887
2720,-1.2371093320660664,0.5831938106795481,3.1051311999821216,0.36805586083651465
676,0.5350487651137801,0.5794257325380646,1.0422053335323274,0.806310438607285
2724,-0.08347473135069028,1.1932737696140525,1.7138328159754077,0.20816324012379642
2725,0.05637995614762492,0.8149507486493864,1.8689511672725434,0.6820386334313238
679,-0.5113371321641869,2.111641353119618,1.844082715775345,0.42041584043214963
680,0.6637519305069325,1.1990326987646793,1.1085703092008823,0.7516831922316011
683,0.3975772401928247,0.5384900579705374,1.2820965419589891,0.7347768939997197
4780,-0.08682765087685773,1.073475660279416,2.013841114112479,0.6153938827941231
686,0.08759587152775627,0.28688196445023834,1.3791332945875034,0.5754980495191232
4785,-0.2726743110805947,0.8444400505071556,2.205375111890403,0.6224131307454547
690,0.5015812629109156,0.6105005277187039,0.8664157254763015,0.7191679502370736
691,-0.8005045042845673,1.6372957834096573,2.614661554241648,0.5219428698876757
692,-3.7933739105267277,5.683907526770432,1.8894204505209644,0.5036382478708994
4786,-0.0569833303834113,0.8353459535314238,1.9850293359165192,0.6538497247237944
694,0.6518174638730122,0.7088080116430692,0.9636124764099201,0.8126120267798929
696,-2.303233406435505,3.536330743051204,3.0337764359536816,0.4150805971722458
4792,-1.4878960502790508,3.194674961904246,0.21304374538877366,0.13182465946505476
705,0.7473172301800607,0.8514475213575454,0.8921694190924329,0.8263529180371979
707,0.3877913461903211,0.939244116365971,1.4681011812617224,0.6101417661448104
4806,0.3159582328569138,1.5084344907076308,1.1784661392682756,0.5786244608549465
712,-0.5636549243528273,2.4097621276942367,0.5493930716685405,0.49547957235454626
713,0.5693003983357399,0.6128387841411359,0.971951416443368,0.8133944889106834
714,0.6896266888763212,0.7977380118019585,1.0457015288807827,0.7690605043609685
4809,0.44517900546106237,0.8262670658055284,1.4269454853073122,0.6911946306602508
4810,-2.151215198597653,0.7535586424777518,4.115544656016427,0.5965085111889946
4816,-0.07956796830078638,1.0416017619971862,1.994648015116809,0.582373830317101
4817,0.1509711524096562,1.1372945231670752,1.7621683917556992,0.6520064073040369
723,0.7364629650108803,1.012310042700947,0.7747625730476668,0.86373432875647
726,0.27732900082400913,0.69149029423159,1.5933988379339379,0.7262246292389211
730,0.6406108706054927,1.028520766354196,1.1881585878108223,0.695133704639971
731,-2.077548771060448,1.5934599361716821,3.980435306505702,0.514081152712679
733,0.690699167494862,0.7941975892500023,1.0654473576821526,0.7785750328208559
4830,-0.4816076059636105,1.1234647620669658,2.427045334058042,0.6212399636707421
735,0.6121820824405646,1.2226365966718182,1.2132800900193421,0.7647399604610496
736,-0.0544699574989036,0.6819830336188334,1.933283509217402,0.6261631481724803
4831,0.5094671656026799,0.8624487122270614,0.6993663348801934,0.6376169095411504
739,0.645534943816398,0.9048269829315329,1.1512270153319566,0.6938661032960943
742,0.5864213494100404,0.7312482256857312,1.2825618331784316,0.8622371804237864
746,0.43792863790601855,1.4048231781358902,0.6333449461303774,0.8673105806704804
753,0.6617945149264435,1.0024900096824085,1.102853526435585,0.6778231819553343
4851,-1.119358556052212,0.8257281688929828,3.062055998055367,0.5425777892600675
757,-0.12113069961734158,0.4298757534037597,1.878523174837441,0.5998882401864669
760,-14.952547730168522,0.6267433860811894,16.930892180159347,0.25761672458997986
763,0.7428105018505731,1.003581283125566,0.9435790546010793,0.7491010376868397
769,0.5304569973866042,1.1370100690665919,1.263698325819551,0.636458990982397
4865,0.30162173873926346,0.9386882347253224,1.5026122481650321,0.5190072856737178
771,0.019866670431984867,1.7646043932286397,1.4056866074571868,0.5401523707624172
4867,-0.23797765204189214,0.8253634621509076,2.2117561873132363,0.8163217783423209
773,0.7711361426671127,0.9323473177509435,0.9732859132020675,0.7830019876949356
774,-0.0703430093384696,0.8964164291499003,1.7693943499093476,0.2631574552068496
775,0.11769399958942339,0.8767066147736282,1.6839419247382286,0.4564137022465549
4873,-2.666800276954227,0.9017323851490139,4.621934482446697,0.436654322989279
781,0.552159787042412,1.3956311667610617,0.9556917445095311,0.7948814617725396
4877,-1.789733717441877,0.9046384815308685,3.767366598831072,0.6605850582230038
783,-0.5288439317805103,0.9091996636414565,2.4475198446942845,0.5164657552194472
784,0.5329895124700124,1.238351658652106,0.7701789038685154,0.6706528487238584
794,0.37349601945580957,1.1370665478617874,0.507846335684924,0.6373641360866094
4893,-0.41327392596026935,0.8501476629611097,2.3933190799777666,0.816835024491455
799,-2.8337313063723037,0.7436867494981523,4.792284974345856,0.4996262192851025
4896,-2.5839938861175806,0.7254778983567975,4.540813006912205,0.5180321156768359
801,-11.892057700239004,1.0265038665719701,13.879459805388203,0.4308212822511601
4898,0.6636803412638932,0.9776240703792293,1.1756705655111073,0.7140802856762314
804,0.18723906599580697,1.5412606393057553,1.5034992582465994,0.6622045691149487
805,-0.15977210454283375,1.6784371983211874,1.9052141008905779,0.7443014783799593
4900,-6.861983699456954,8.747481381048763,0.009883143003661044,0.10167458550851605
4902,0.32818872944066946,0.8554930676018089,1.5950900521044826,0.7237465663096824
812,0.005282387515028963,1.8765339364966105,1.0712320028230047,0.535158749107418
4909,-0.29466192087805343,0.8926146862247677,2.2674195811002575,0.7586175457894803
4910,-1.6494211237848715,0.6957350529673649,3.58886830184885,0.5260632438320811
4917,-5.07750887327588,0.6049734194876872,7.033385194146572,0.3849136609477164
4918,-0.3135828611648015,1.6294690215585663,0.0009270597351834938,0.42456803697168355
823,0.31998248013267383,0.8096661943050689,1.5627405857711467,0.669062086091454
828,-3.072997219021758,1.1831565971945937,5.020778871172206,0.37622337636119013
4925,-0.008703982079115491,0.7564180948809685,1.9537561508429369,0.7797710652749895
4927,-3.1326785314105026,0.607459549075882,5.095800549851767,0.6135265931483589
4928,-3.8170490470565213,0.9932100707041664,5.812192552724939,0.7838559413101335
834,0.5434607276236764,1.1465545271715323,1.2804547748289796,0.6709179478259898
4931,0.6055733372101845,1.0692873230386655,1.10028446513684,0.6248804387427065
837,-6.437670321514242,0.7006777364577366,8.410223305539132,0.4361413686690568
4933,0.3053994068111453,0.7861558857887995,1.5826420486820532,0.6881203405428371
839,-5.650859234277535,0.6904093960102499,7.620954563230239,0.45132625018440553
842,-0.9245168899967144,0.827584744258253,2.710450576765499,0.1349005468082267
846,-0.32804716529471434,2.0903618751046205,1.3553702915040073,0.33027452603173363
847,-0.00926531881387338,1.7795322855985651,1.2969794825007963,0.43188989936500355
848,0.17201217000645752,1.7288936601194373,1.0100771080205853,0.6073470606896634
4943,-0.6648255043628821,1.1655915845189433,2.555413115049828,0.42998822060888897
850,0.33878643648146534,0.5444249065103397,0.7022244850121563,0.6245210346151318
4947,0.6024042344036318,1.0772438196920915,1.2889070461361498,0.7379914050409369
4948,0.37948331890369746,1.4119219027749186,1.024003952631751,0.5365508573844228
857,0.20052539736394703,0.4081042544961884,1.0494725700656744,0.4648630721715621
861,0.5246575309097676,0.7150432654631835,1.1992189330280751,0.6758674050854062
862,-0.6240488314476018,1.7978195521881124,2.335207044070833,0.5328375886949913
863,-26.465613164789552,0.6066192467536701,28.456239407097566,0.39993690250184066
868,-11.06884604520397,0.5675592612224569,13.046748885043357,0.41188336957057314
870,-13.12093044248502,0.5808266358384745,15.100942397726856,0.37678755767647054
4978,0.16902104826486564,1.2745732381302581,1.6786763654025136,0.6068919408438423
884,0.1404485511958543,1.5709725641253907,1.1240232840784894,0.36957375596841713
890,0.4050486443576097,1.3038922241233037,1.0802205933007614,0.494845282998779
891,-0.30430350801911366,2.177306333379359,1.0467053621802596,0.4405573777772857
894,-2.397465418887523,0.7247220992177336,4.32727223895862,0.37051386215995835
896,-0.1377729948771047,1.908005397521903,0.7190048498355335,0.374623863961251
898,-0.37563605207305817,2.1102290002816466,0.5146446399772945,0.3486964692295955
4994,0.597731703989016,1.1249283152442737,1.3189941243340584,0.7891553968768578
906,-0.6282386816156829,2.4541921789617094,0.8679556905080814,0.2795483282780341
5005,0.23784988526971484,0.7035301348149198,1.6509093901744198,0.7367598393039314
913,-0.11533552869008767,0.7650621225430647,1.9355204164327762,0.4400186737650331
914,-2.652348714113499,0.7877414158007869,4.590140184433728,0.36321834273085796
918,-15.962560901158831,0.48439875948715794,17.936399835690565,0.21197189648816517
921,-3.1692142147332127,1.82777845364487,5.0607938889579716,0.5449362776309459
924,0.7011747153241799,0.9916230764147291,1.1528012931040472,0.7433326223717502
927,0.7255266766538888,1.0716917299923734,1.1357661976996702,0.7724841969411057
5024,-0.4031278397934248,2.018369138852185,0.2560876777729268,0.38495001123848105
5026,-0.4343852282956746,0.7405362409498277,2.3899546905886795,0.758824754580996
931,0.19910082217965364,1.2832211295215545,1.501272741110979,0.4432676371496561
5030,-2.662187345034446,0.9967292393214652,4.637127142559518,0.5723183413894606
935,-0.8413788704065508,0.6106489974190356,2.7868725612942984,0.7851316894875913
5031,0.3268154415655232,0.8738982535992266,1.5860588071802169,0.6937143917912597
937,-0.4883484428840503,1.0795926164965628,2.410722672324205,0.5323381086457205
5033,-2.654475459091834,0.8498339464508977,4.63153334232456,0.6197282273807749
941,0.44766205911352364,1.2141132666606957,0.8019184293438647,0.5309622602082036
942,0.35629832117793325,1.356052607838533,1.4516084331248722,0.7108145665836111
5039,0.6580406422974039,0.9669658550487461,1.2791911251394021,0.8053278057063457
5046,0.03306035673051422,0.8237580850760425,0.5235929271990777,0.17723189042397028
3004,-0.46413946405678375,0.540788187667557,2.3423125484931524,0.6380249956410555
957,0.11770480902580449,1.7462641777749375,0.865379686472028,0.5489878580661943
3008,-0.4320307075171641,2.2812941933836135,1.2569799163011952,0.41437344673300963
5056,-4.535758390938705,1.0544351956883435,6.5085118450362485,0.45414743252962486
3010,-0.9597465569272121,2.806743678199689,1.6728714485743745,0.6485346925129813
3011,-0.9307223438725294,2.8747374237394374,1.1741605854596462,0.5725465503334849
965,-0.38156828506568585,0.713382055080034,2.340149153650298,0.8251248276067038
3013,-1.0858299769311932,2.9966589906943586,1.4951413658722923,0.6552180466638557
967,0.5518742612764964,1.0401152923716621,1.1561649560386256,0.5818852459791977
3015,-1.2931153235167256,3.2310498219043535,1.3910694521625082,0.6424258640322447
969,-2.8508179888454035,1.0558238308981789,4.77501155328879,0.24173180492957091
3017,-0.6163438192732089,2.581677060583917,0.9301685171390063,0.6744411234096687
3018,-0.7469179696929822,2.6933686932640057,1.0122389579512903,0.570960293891263
972,0.5499742267573171,0.864331031795895,0.7129750976098748,0.6810425842576359
973,0.4800225253505571,0.6524345570499662,0.8327160931958447,0.6513010875639308
3023,0.13618614910725457,0.3365084998723782,1.1141621373518087,0.45877878400064637
978,-1.559193328333504,0.9352006308036478,3.498963362538308,0.4518634784748362
3026,0.1903816521862215,1.3667671341296153,0.7416247656988327,0.326051948041336
3027,0.06348278627159121,1.7074394472764725,0.9620796202877848,0.3875002327761562
5074,0.030990759942613022,0.3684308446407647,0.48655655570854683,0.4741909673374314
987,0.42666694454476195,0.9952332454045485,0.5729511808845965,0.6174854556746827
5108,0.32979456719046973,1.5054799898785882,1.146477375041314,0.5850184575179779
5112,0.5441321216918502,0.8858565036940375,0.9538308465726423,0.5610749562897717
1021,0.40910237523767834,0.9076389508125483,0.5292187653898897,0.6550442511252684
1022,-0.42587758043535673,0.9317509213844046,2.4105165254649283,0.8027385768918414
5124,-0.2883672340086598,2.1703970992346706,1.4864810155433898,0.7689221315528784
5125,-0.6986763418974999,1.3004803713991395,2.497403238717674,0.2563627217494216
1030,-0.2579810220350751,1.9759203333585316,0.9687747832085648,0.20682868144762517
1031,-3.9245063582586237,2.3461041723667497,5.657834120991458,0.13782383992934788
5126,0.008290004130869999,1.3013473038482068,1.9149016774597503,0.7641325818356814
1033,0.2517078501495734,1.5896646263488174,1.091424849405983,0.5484711893225682
5128,-2.3782238131525593,0.7704411700792344,4.360854368689127,0.7463136034005081
5131,0.06401925855499391,1.1425982723814938,1.8748770331241333,0.6994740311026839
5132,-3.6256408681124555,0.8247643097024142,5.610810496298273,0.674005428229628
5137,0.3011183377486494,1.3836851805655326,1.4474678461281991,0.6245086063210025
5139,-3.4845855749525736,0.8928609152082893,5.475702278097034,0.7390055299058713
5142,0.15844969218592164,0.38230283814497334,1.3092040511360408,0.5193234022970582
5145,-0.17724322373496326,1.171069704946345,2.049069727451141,0.49394716597469
1052,0.40397927368083986,0.7533608674861555,0.936623584836877,0.46111849677697336
1061,-0.1017905330247908,1.5631600290937686,1.8750679434719189,0.6379927423352051
1062,-0.21991415329443065,1.4196069925542292,2.082643771427135,0.6258302826287354
5162,-3.491187744295539,0.7295689050105967,5.472223294002105,0.6887875549431768
1075,-0.30340727196868333,0.9842237074254854,2.1160128222233636,0.3268454814483593
5182,-0.0061718040747749114,0.8378296385854319,0.6181184342129342,0.08334906158026834
5185,0.4059490683011485,1.2771556376733397,1.4940369765139392,0.8210901685341931
5189,-0.7283586552498293,1.594084811473757,2.5241086185686514,0.4419858453785009
1095,-0.01035283158175715,1.7007558957327868,0.36100054358571837,0.6515265955868847
5196,-5.04291009755268,0.7567946713667077,7.016142037389928,0.48653276523396943
1101,0.5242523256719827,1.244994432416479,0.7785232711632337,0.657565135686785
1102,0.6310086510244516,1.202732074356388,0.9172711170375205,0.7029978896207448
1104,0.6335107309846859,1.2013499711639566,0.9513255009087324,0.6976701031094225
1105,0.47351545400260153,0.9190399107336324,1.1625697402723643,0.5058314855559446
1107,0.3559018839293876,0.8836072665661298,0.9930683011682889,0.3665435561296968
1108,-0.09185731013867149,1.4051297146905872,1.9100076374661343,0.5528888284427649
5203,0.32794068345643146,0.9988128816237375,1.613864277736704,0.7264438554487144
1110,0.3823793229067316,1.5376695771180904,0.8203072016050165,0.754893441907849
5205,-4.884418238629945,0.7896294783858503,6.858649434211731,0.4917195087679372
1113,-1.5519790270917673,1.0466130905614432,3.5350442780453535,0.7102161445938273
1116,0.5396393837426612,1.3513457668178708,1.0097118468431336,0.7026891707809912
1118,0.22173357144323247,1.6814035521439503,1.0610793646229248,0.6289782430080781
1119,0.1564164320040473,1.0510769647569291,1.6571298399480732,0.47349762268929757
5216,-0.7675068704536614,0.8856097185874305,2.6986535466466597,0.5250562885099188
5218,-0.6873796029607615,0.910977611239002,2.5725702058060373,0.39473321039523424
1123,-0.02045867298003512,1.1479652860776264,1.9236722823472758,0.5922357394283863
1124,0.09682546981910822,1.4705369567105466,1.65654091673117,0.5959291782436563
1126,-0.5364377292495519,1.688017592589148,2.292946937151472,0.5357146288542147
1127,0.34710495292264243,0.8804458183786754,1.363836555823657,0.4712262290909474
5224,0.1731168129882784,0.8421517103112118,1.0166895675924328,0.18849449740709476
5225,-0.2076185539732529,1.2371896133307911,2.090474262775467,0.5385354385732943
5226,0.17470755386736891,0.918994038965831,1.6943528667258014,0.5613432408019068
1131,0.5740751403760551,1.1964831381727414,0.8384126047349475,0.6583922188372691
1132,0.0908195773265642,1.8078807018815644,0.8803907014196963,0.600460980387239
1133,0.1992487171983902,0.959993363231989,1.6871607443088752,0.5908396434112796
5227,-1.0019805872215848,1.022005840050738,2.934806823096848,0.48622517391991277
1135,0.1889617179578844,0.653515499600932,1.6432819506010923,0.6479773899990395
1136,0.6509177922137719,1.0070758613979962,0.9700364695647266,0.6522781185742862
5230,0.13621119590851283,1.3173858253574102,1.5510205913804864,0.4153859018029962
5231,0.1660992262918337,1.4640718602894736,1.3133315888953516,0.38205896375231724
5232,-0.42354840933170834,0.5740688324929621,2.2464726190533546,0.46020492387647766
1140,0.4306134107545475,1.206363062124065,0.9737364076833199,0.4699758511898046
1141,0.0513436499970521,1.2828752203485758,1.7820869832158523,0.5436334468894688
5234,-0.7595592854279922,1.0569993709527208,2.7149277985619387,0.6103558079909777
1143,0.2464851220234775,1.6028907758410094,1.2679436644601816,0.6359758573755733
1144,-0.09815135525900054,1.070757551493667,1.9742398983539804,0.498216791413835
1145,0.3991442370725896,1.1215922654137147,1.448684578665519,0.6193096826784441
1150,0.5828820005312881,1.0010949757937515,0.944442419220638,0.5865999737218972
1152,-1.6717784774588718,0.9222936733821702,3.6303057176761353,0.5375567159356291
1153,-0.25096493250351415,1.2003065671424937,2.1850491596307657,0.6529423235663457
5249,-0.5650194412307554,0.7850401754534884,2.531184136795473,0.7580221818284542
5252,-6.076501420030205,0.7935001276696696,8.064408810742579,0.6417287269125829
5253,0.24049824403069608,0.9293397076418278,1.6939229124087403,0.6994654228903345
5254,-4.309732385920877,0.7514223989525267,6.260878777158754,0.3257436107865898
1160,-0.9507226038863832,2.724541679714357,1.7301545830700702,0.45396982037342754
5260,0.3520606372624516,1.0462775211525301,1.5589315539358963,0.6755322406840372
1169,-1.6062155801572566,1.097618681543351,3.5803382103468033,0.6468924193784293
1171,-1.9347109384838945,1.4173621351040449,3.8687708271212875,0.5433917629999909
5267,0.12952450005399463,1.5105790043942733,1.6205492428145782,0.6654027592459042
1173,-0.6827460673688805,0.8565346092350865,2.6229729417282046,0.5792734387797687
5268,-6.915533247580584,0.6052104477208488,8.894388781300359,0.5775860174616676
1175,-1.3635912173136093,0.8157436714951597,3.3442411610532927,0.7609468117939929
5269,-6.4174747935842245,0.6400816739508521,8.374331310423164,0.2868178099925057
5271,-0.16638155195260018,0.9192917675078459,2.0181872272029846,0.436771026753731
1179,0.4636748437457433,1.2099441762801775,1.3386535310593954,0.6409987437651593
5278,-1.2647137560674633,1.0642267363063163,3.2349111464980354,0.639478862584351
1184,0.48093103453292174,0.8990992975137706,1.2935328391849257,0.5839590026585303
1186,0.4532705954086863,0.9786144828090562,1.3847410805006077,0.612146931848576
5283,0.18240237810265492,0.8978800579745598,1.7631018885237195,0.7248402345828019
5284,-1.4015478975973248,0.9726280144605213,3.3705638584957662,0.6164506920154554
5286,-3.78870365052422,0.4744498838745216,5.737242960843056,0.5373890858103318
1193,0.4393406572373084,0.9354702078829643,1.3619791021374132,0.5767436543036625
1196,-3.3453530815124646,0.7678458012896611,5.326765451551341,0.6724354135552087
1199,0.5962768290023459,0.8896101205735006,1.1630685038635176,0.6475583220328249
1200,-0.015648172422370044,1.1972273987742308,1.9137696986962383,0.6029263279160445
1202,0.07109209229977076,0.977260792376315,1.809875826854705,0.5456279338459809
1203,0.10209461247872165,1.0010078049238522,1.7847483656703254,0.5636479954821727
5303,-2.7322712347167055,4.689903226919354,0.5675950808835124,0.6429443581348093
1208,0.4941136561827173,1.0583920243494225,1.2023098234025449,0.5400194572506077
1209,0.4220749728107951,1.0857850227240546,1.242989119445816,0.48270457690133806
1211,-0.2887826897746988,1.076130597486331,2.232901481035911,0.6324147831471749
1216,-0.1014719924724592,1.3423038056912888,1.8971052850954133,0.46030493585322946
1218,0.09138196896579309,1.0314247385549824,1.8450327464361767,0.6675562159134837
1220,0.32547374205996826,0.8445845350167562,1.5506153211051708,0.6427123371023371
5317,-0.5491047306845671,1.235223334931875,2.4577324477065745,0.5315861229252159
1224,-4.615751418626234,0.6638982520271621,6.593738739220392,0.6342315921826677
1232,0.4970597303240195,0.892790071796611,1.3249899527050828,0.6314399956626869
1233,0.3938949404457627,1.1278589297839712,1.4885071923375375,0.6647744634932486
1239,0.2173998454935685,0.9915686442630167,1.6514450630203292,0.5663973663129268
1240,0.3680166397449821,0.7427011024803276,1.46938664933351,0.6640291405466161
1241,0.41123797394921036,0.8023680970639274,1.4673541900594556,0.7013992376179059
5338,0.12015297963906402,1.0350706823330365,1.7527526284085047,0.5458366957769484
1243,-2.6170151080710773,4.604760190183579,1.186277576738998,0.7680454189149908
1248,0.365290883163746,1.1132094687837961,1.3300138852835532,0.4697829551091346
1249,0.40108924494565157,1.0805737135266977,1.3388827606765885,0.5128034855168796
1251,0.39163871985695464,0.7765877807178858,1.4600231698130004,0.670501728854422
1257,0.29933285092505946,0.7655012433130897,1.5266206873605044,0.6017344622628665
1258,0.06411030296124154,0.6253410892560785,1.7464899474991393,0.577776144792588
1262,0.21473160222424703,0.7478695662803433,1.4756681585964226,0.4283213281614184
1264,-0.6651327682347545,2.6390462114493314,1.1083769154581788,0.7271463821414471
1266,-0.3566375557878645,2.308923206471732,0.7439877988893449,0.7517194123248708
1267,-0.12747719064394558,0.9035651580308433,2.0692818865020897,0.6557016063422891
5364,-0.5274519885117022,1.428250438261576,2.396823375927688,0.5543593422957257
1272,0.2553641590694361,1.1772764143769698,1.547455649123971,0.5274030038751152
5370,0.39378748925130014,1.0971843531789762,1.528334121640694,0.7190874413708371
1278,-0.18515420982254294,1.888070112730152,1.3834040733337705,0.3152202598742978
1279,0.06130790388191176,1.6782852992392594,1.5337851440257249,0.6310212415762735
1280,-0.49659916029786944,2.1793812169554303,1.7723579215051353,0.4976731812999798
1281,-5.050845664626857,7.02813967713306,1.3974174902466965,0.6589360345129097
5374,-6.23892606390119,8.201399682110857,0.3955694063808745,0.5798133336017627
1283,-3.5505646473064045,5.538374167293883,0.7759577751483067,0.7538219984687473
1284,0.5463141363150434,0.8711870612581643,1.3591741478356132,0.7545778713179716
1285,-0.9760031151507231,2.952644736044735,1.0946699976596097,0.7122423981451094
1290,0.23056988475564766,1.6976224395722246,1.1698683056260686,0.7234310342898833
1292,-2.136700543893736,4.1248214147467115,1.1236476364789387,0.7569101195096937
1295,0.2502786931615124,1.3855255089347467,1.5445244199291894,0.6580273753807273
5392,-1.559910291733794,1.045638256985284,3.5265988188117063,0.5909080054520334
1297,0.2882821436174632,1.31969635354966,0.7150905107044291,0.43152561048879157
1298,-0.007957472976410696,0.8933092558732777,1.9297081139411143,0.6255161214167768
1299,-2.0434952268970674,2.4492552807585573,3.6277530129101234,0.4926180625205159
1301,-0.031609360220413274,1.2413354970765198,1.934132728907233,0.6347999250691133
1303,-0.9246268031767475,2.8795002341339155,0.9514126829100331,0.5885313207364341
1304,-0.5495732542949612,1.1420973546840534,2.514206192161532,0.7030737131243789
5399,-2.645242554842845,1.8369826598343597,4.527557198883256,0.6210626445166603
1307,-0.2606978601449621,1.4492601290958531,2.102793779743833,0.5860310273255086
1317,0.5189588508683598,0.8437456760946397,0.6061696271252626,0.7722220141890069
1318,-0.04946100023640354,1.7042185188015364,1.6847723652829711,0.6304983402758143
1319,-1.3228370812703196,3.1670875670415852,1.7931552405488955,0.7350314220741928
1324,0.2850863984000337,1.6309621913330081,1.1938728537654613,0.7254066872013817
5422,-0.6405998798774715,2.2351193540804037,2.059270080451825,0.7902500448401372
1327,-4.747048553998577,6.724952712011359,0.5861480374762114,0.71327699714511
5423,0.30047392631028935,1.2341420463639705,0.707011809292312,0.40951532619205916
1333,-1.7145642034310442,0.8413733829837764,3.6822090728731682,0.6134111999552141
5432,-0.24436580504963556,1.8555107036177678,1.7243784164888856,0.4597930003255104
1337,0.40604688594110383,0.9349224008460147,1.4624352616967478,0.6329865989802637
5433,0.39754437171748847,1.2910528097007374,1.0084364744353975,0.4725818813183577
1339,-3.7549295145324404,1.7861008543395298,5.626538643966536,0.23414080219491148
5434,-0.16008685817271595,2.037650436390957,1.2399429340364356,0.5400973159801233
1341,0.1382266961181401,1.807542740483228,1.1541687791555961,0.7416205559453941
1342,-0.22385690902930766,1.921956521666361,1.6659254303475595,0.5479322759231166
1343,0.026443048626101584,1.6435567264859128,0.4772157621976515,0.48976033271746433
1344,-4.299547197427488,1.21692260405673,6.278071334877265,0.575608593916283
1345,-0.6900614169618966,2.658434940959095,0.7122764452796274,0.8479595587735607
1346,0.03359487638075853,1.8853140999063895,1.1958943688601136,0.6656600476859541
1347,-1.4495328937990464,1.238626408831882,3.408463460070462,0.6224121343091805
1356,0.40110217408163906,1.1250294011746818,1.2147605550736333,0.4550925227929932
1359,0.6774654818878477,1.2461644221899844,0.856496334482694,0.8488765716217151
1364,0.6806235127027268,0.8264122501242038,0.900424027894885,0.7510958828971994
1365,0.03823145515607418,0.8594819773503827,1.8749887131270584,0.6263047082687574
1367,0.40464189875823786,1.447029542664425,0.679414726837244,0.7723139456826739
1368,0.29131392170528037,1.643280756299897,1.0930900878940986,0.7175817610726053
1371,0.5378804966914519,0.8221284221377818,0.788569505339765,0.6295768864464956
5468,-5.723687942120257,0.8373183119939804,7.712164604553131,0.641725618017472
5469,-0.6407098431521616,0.7459650831249435,2.5934464484446194,0.7028073581598916
1375,0.5819168064123843,1.3463660309811334,0.9729922568039148,0.7674173025561648
1377,0.3882757143161596,1.3926920649516716,0.836678454071788,0.5603119100373358
1381,-1.1745829336092983,1.949979269891626,2.906181276053004,0.5608835407936357
1383,-0.2914117804731453,1.1960726581246155,2.197420842575308,0.5578651503816892
1384,0.17442629709462054,0.8532264860435466,1.6391180255501994,0.4984447947168836
1386,-0.02826758915264782,0.8766109838581776,1.8884549115407634,0.49725030506578544
1389,-17.122263221799095,0.5279882694182971,19.105628472865163,0.38368286658597034
1390,-1.0388775557235923,0.8051041641312152,2.956215247740475,0.4593899696619665
1392,0.39584860360594676,1.4775799281647186,1.242174432880115,0.7202360530049282
5490,0.38824010381027296,1.0992870976033875,1.4394179137197118,0.5861109569730351
1402,-1.0410404048897575,0.9318591118320654,2.9258252244406133,0.3273931618988023
1407,-7.810266125538099,0.577822715507579,9.778620499998336,0.38487589847927234
1409,-1.1872542759325455,3.1592300265812483,0.8881106405262216,0.6694130505726315
5506,-5.053656906691804,2.000297814004408,6.948835311131594,0.4925311159595565
1416,0.18054585503547516,1.4505681461966389,1.3578396995887099,0.41652404442794155
5514,-0.8016193206000017,2.48583943743847,1.9768405919312626,0.7103522821303028
1419,-2.4567113893872197,0.6822397920351895,4.3801095134478345,0.3498140597852591
1423,0.6508240240976333,0.8641485457916914,1.205160192725117,0.752255091156547
1424,0.5579700239825461,0.705780261733139,1.2212276234283606,0.7552887743800663
5523,-0.40147733858140744,2.3623050154475265,1.2322674041651822,0.7669428645029135
1428,0.6655217378897202,0.899875656541485,1.1583555907846663,0.7229181880047815
1430,0.15910656456031602,1.1951903062885756,1.7222412586307527,0.6161118933491269
1432,-0.06383674311930365,0.7751693990855751,1.8966030210402138,0.4734044820123249
1435,-6.012140988483118,0.5978393083404673,7.976796800586892,0.42320330811504503
1436,-1.837167598864554,1.0717384351686494,3.788707357374678,0.48281061893079014
1442,0.5039682697750651,0.8453458786570609,1.3228243067861294,0.6566138513427763
1443,0.33586595528053353,1.4512938352101104,1.3305022681171705,0.6419830249468693
1446,0.5232486527234997,0.7727804409088808,1.2966217089475243,0.7038941390694103
1450,-14.732234525699564,0.6264303763824419,16.7126011142022,0.308758266671239
1451,-3.9726105038405013,0.9722921152683579,5.892922870393762,0.11377582948429035
1452,0.2817508019950947,0.9445541782265852,1.1392477150360387,0.2975629956075759
1456,-0.3720353777014398,1.2984743948131805,2.153581695928406,0.3198210646277107
1464,0.33646737329738086,0.7568755243446564,1.4522138282534258,0.5796802531731674
1476,-2.04595101015069,0.3891528784494152,3.865437172109234,0.16696148766938027
1478,0.20466613180933724,1.236202229514715,1.2596423054265042,0.2863121537421207
1479,0.19843308081042976,0.9066109502235209,1.4392011046032198,0.3360042161005713
1481,0.07581365129306894,0.9895741913489254,1.5562815965957253,0.2620552222969994
1484,-3.094677441783663,0.5655315632977571,5.024227023685406,0.38095445110911985
5580,-0.171050114504542,0.7850711100697909,2.1301134363921945,0.7808937156531239
5581,0.08115054712008707,1.8865038931046718,1.041087077421499,0.7618676489073025
1493,-8.419853379021728,0.5793160051350122,10.395288224879927,0.46593836482660783
1495,-1.5920183539553876,0.39173040446143137,3.4739808003796977,0.5225209473311178
1496,0.4119677569437611,0.7349875934207957,0.7700173439804023,0.5281331531427308
1498,-0.0323553646179322,1.6935923642258959,1.1234784369158959,0.24538731341186518
1501,0.24808435456369704,0.9353634717376399,1.4090818224910049,0.3724242519237066
5597,-5.006242060729997,6.989369281210627,1.0670829451142807,0.5551413889251838
1505,0.5014960082099283,0.6968620880188177,0.9582777724107624,0.6064610668875103
5603,0.1728104248865152,1.4644253381944892,1.4442264003539182,0.479217316294059
1511,-0.5923921921368469,1.0160889935561312,2.48663027419371,0.42957518837669884
5607,-1.5672566305590006,2.4905850644543723,3.041791232471637,0.5527290130394524
5608,-0.5453922441622598,2.4662766254539,1.3210118353785243,0.6322753101690057
5610,0.4094208101569664,0.6977700130256719,0.5898166148931722,0.7013523731360732
1515,0.39036374997350654,1.3330234075996499,0.6209680707635806,0.6578208598461901
1516,0.4949119641067412,0.6657547116531451,0.8803322216248372,0.6407318076433837
1518,-0.2698532310686459,1.8124667961386636,0.21269782674065302,0.4233023135049317
1519,0.4192776982749513,0.5661894280669396,0.6496220914108729,0.8378824482893391
1520,0.1418717691684962,1.5089321486958382,1.0028374989483158,0.3090846092512035
1521,0.337039477097932,0.52070699196342,0.5949794046263558,0.7861000591467848
1522,0.19059161244766987,1.5345811006871624,0.9153472061110722,0.3981703819892512
1523,0.2817019584570737,1.492976079916392,0.8608451554094148,0.4964500120726438
1524,0.2624469227045606,1.4664497680465975,0.9966677928499179,0.4286874304614358
1525,0.4784109010153478,0.6297847262276798,0.717061009094615,0.7656042520207549
1526,0.19493658487678933,0.39094850644573387,0.7266011714543136,0.5500706042955061
1527,0.20398052715266202,1.5381245002967356,0.8733015337150485,0.4272727333419655
1528,0.2176993865892286,1.493521492191131,0.5949736688792805,0.547911007005039
1529,0.1979525387574118,0.6660023291927286,0.3901636509581101,0.6002184179226652
1530,0.20439913535438858,1.1396188436194443,0.3815129422924718,0.5194159035304036
1531,0.5724310699194395,0.8568233539589021,0.7941121745310726,0.6536968938598241
1532,0.5285696807262694,1.2571309020631456,0.7904501439991892,0.6650088016309026
1533,0.7242716842468426,0.8581424651928937,0.9254391622650351,0.7756270395016732
1534,0.5568667868035683,1.1555327029977445,1.0451800472669461,0.5875252901510614
1535,0.048982998836788694,1.7481455403352824,0.895157032078878,0.4223153636668303
1536,-0.603568849361868,2.4288834538293558,0.6551898337265278,0.3590389409247252
1537,0.1917700657449376,0.2836605906927908,1.0694288486632677,0.632205067636007
1538,0.22827634852667045,0.28012499061858775,1.0932645918741577,0.7380093875460662
1539,0.2969974265714804,0.427112048835857,1.031174359511887,0.5937486332735665
1540,0.31945118782226845,0.39668165333269645,0.8704903912305044,0.7129792349541153
1541,-0.019063821057983876,1.817384237694502,1.190282974388035,0.4219286644228766
1542,-0.381602466632436,2.188651161020728,0.8626358345416621,0.30930116602325053
1544,0.3664488502761587,1.2916266442857736,0.5720094283734833,0.6350821595785874
1546,0.23307859448716906,0.4199968214183553,1.2121542845646864,0.5452964541486278
1547,0.26844774137105976,0.5257060417526735,0.7271231324457028,0.5144568366983818
1548,-0.05462358092921704,1.7698610109528925,1.4374553406546255,0.42713199932331625
1549,-1.6891264990567856,1.9575052976901108,3.4164410162487986,0.31050906618342705
1550,-0.13351411230658994,1.825168967059454,1.28299275675433,0.27621445287653423
1551,-0.8378742204779179,1.6112781430269358,2.431743372495024,0.02315221376540448
1552,-0.7389235164871801,2.2125764685586917,1.733335250811952,-0.0078356582332479
1553,-1.0259503216316186,2.740831912989873,1.3538276643626748,0.025944077392405483
1554,-0.7195893691524207,2.278748481624556,1.5468739303590529,-0.01129561629552937
1555,-4.188511301329386,1.8861013691008308,6.050235249429671,0.20589810910788975
1556,-4.12978912533122,1.347059669656124,6.045318061401367,0.1403188292385502
1557,-1.2971445264046397,2.131783352153698,2.8204203765984674,0.174161594836116
1558,0.3554930032095246,1.4260842757005674,0.7747278589752534,0.5721052449600166
1559,-0.3406241347730128,2.1538898511549323,0.6346735848144349,0.42350377927934224
1560,-0.3740177740286663,2.223344282172057,0.6786824129687711,0.46324249526620015
5657,-1.009937003970932,1.6164308121917361,2.8751393962797747,0.6209062672216743
5658,-0.38474956392718296,1.8859493595797383,1.9837270976630743,0.5939136983593768
1565,-0.4101126664802348,2.1583880427290163,0.7578689954400761,0.23323572640527973
5662,-0.4352139382922815,1.4426585113570114,2.2697985272881978,0.49849806472122254
1568,-0.27289240948316773,2.0217725578563495,0.8695874456253927,0.25218418591671393
1569,0.026765380110571724,0.25332130710082734,0.3980112836699528,0.8348753793857349
1573,-5.6300296953996245,0.9429007138715187,7.605507860866914,0.43316727914677516
5676,0.34271747488261817,1.3107904202638632,1.2814998289102506,0.49385033950382556
1581,-0.05123829424855608,1.756087590021315,0.43680584185427695,0.5349775836146133
5677,-1.054293483497811,0.7406137359371311,2.971084231861974,0.4826341398370291
1586,0.3139095295149045,0.4623217938363531,1.3758223726295222,0.7990526821820727
5683,-0.2205659292654354,1.9345467537102925,1.6262387695575318,0.526472222233776
1589,0.5077230352019704,0.8489814256691295,1.0486282773992157,0.5339900313136887
1592,0.40557616147787345,0.580660698095169,1.2239277928795422,0.6431378511841792
1593,0.5127713645483729,0.7346367609094946,1.2421185359241047,0.6708302731030421
1594,0.5689504438704316,0.7310961072180212,1.3192667651423915,0.8924679165936558
5688,-0.7320134363155615,0.6270850467682351,2.673224591885752,0.7527664134011124
5690,0.4533992141175267,1.5053976590835765,0.952410562861692,0.7973158348734726
1598,0.46237495013036145,1.1855518414630482,1.3885362718921155,0.6780515976104566
1599,0.5541032201294682,1.3044272730140067,1.096757547531264,0.6888955951133123
1601,0.7032391116564851,0.7207312079226236,1.0752929581416,0.9336152346064064
1602,0.5203664831133739,1.0295088971661903,0.6133610996496228,0.7177095533941686
1603,-0.021349124227661553,0.7525900155818004,1.9749146379029736,0.8225633015035744
5700,0.4313756009260249,1.0639664502704496,1.2678184501465737,0.5024909264916623
5701,-0.2187298023819344,2.119955299787035,0.6576634551204897,0.6626453679985989
5704,0.3244885085678646,0.9101819485114182,1.4062301899266765,0.4678106300612545
5716,0.7307518768026797,1.1939475713359171,1.0421478944737796,0.8180592227959719
5725,-0.9349941486256936,2.8879285609169187,1.0567827882532295,0.5796384662602508
5732,-0.19486478192024514,1.107210829453809,0.14472637542418948,0.17252509873344382
5735,0.46330419278169555,0.6029489565280063,0.8466137264432466,0.6730970947698978
5745,0.4514705740527216,1.5063249522926472,0.9301783128424284,0.8008907189044934
5746,0.6521470753602683,1.287856459868997,1.0103903013328055,0.8049811359629102
1655,-3.0418848270230177,2.576759919506392,4.679049431889248,0.4385230290809007
5754,0.47236371659709253,1.4807336862845797,0.947301222263356,0.7890070871817341
5756,0.039558021516079456,1.0886651532648532,0.7950603936787904,0.06587632382455089
1661,-4.794129060814661,0.9254499219406516,6.757886425088073,0.35725761379474896
5762,0.0014345783833107362,0.418853160426917,0.9491044232173087,0.1895612963544431
5765,-0.782345181517824,2.7312702765618213,0.8443691457926262,0.6059992223458907
1670,-0.8808790900698396,1.1570103931634683,2.813429258725946,0.5261559206898683
1672,0.2953296279774247,1.0444994707994155,1.1235418039201452,0.3076723658634136
1673,-0.6211955689389983,0.6212554901675161,2.4822561641205696,0.46358194200253755
1674,-4.838664520770409,1.5275860315619307,6.7894366199817595,0.4577085759316656
1676,-0.21627141429342722,0.9843927391006394,2.1475463120143696,0.5972469386624453
1677,-21.55732388242594,0.4838670800443857,23.539387669016392,0.2634736587238973
5772,0.5750147402382979,1.3076492594272984,1.2352905083668981,0.825063494773095
1680,-2.328267796958994,0.9971050744426414,4.3051765074113035,0.6086352052921579
5776,0.4875326813911327,1.2213497569345784,1.1183867581605043,0.553220845115384
5626,0.5111479646148609,1.3176993077510057,1.3012028909769,0.7824677476283513
5787,0.2555057088730486,1.6872388500192763,0.8789155693204969,0.7405523690764838
1694,-0.7520524969298212,0.841008527258689,2.6096800234572703,0.32669480495382236
5796,0.4553134738667859,0.9317829857669783,1.2081618780749264,0.5013032151331636
1707,-0.8866428906507142,2.6951728058576383,0.43496853264978735,0.39456627445467657
5804,-6.592599336470863,2.72523173344693,8.371272568781015,0.42079289815988125
5814,0.4881500930929077,0.8160246008333609,1.1546852333455415,0.5480975124132307
5816,-1.6027938765023695,3.5685287505744476,0.6406161897349419,0.7808213104563573
5833,-2.379597181168442,4.3432754106858456,0.7447401891951876,0.5768817372731813
5840,0.44619689025682074,1.4606851719952496,1.1379746956393175,0.7253547014271666
5847,-0.19974419067731164,1.9646634581478328,0.5804485446753525,0.42312296638434954
5873,0.39125241396637456,1.4666545222230802,1.1334968970517676,0.6325959188195309
5922,-0.037344909286677774,1.148305470920697,0.2952143314108876,0.25342976923173943
5925,-0.5522386010458527,1.3544784564385297,2.3972575794209217,0.42427354129888206
5936,-2.2171336576739247,1.0883269739536803,4.185318009250047,0.5573980377834841
5937,-3.538684822744391,0.4931165108250567,5.478146811688216,0.4624777385272467
5939,-0.7588741224549236,0.12741230851729857,2.3861024940898714,0.3589471354152562
5943,-0.6030420283933318,0.08248718309788083,0.04445513676237273,0.09731069023947668
1848,0.17525674691857962,1.2377530663450544,1.4074688548151582,0.32350606410517513
3903,-6.010321918697852,2.221473149820808,7.882459635778907,0.46674011034351526
5955,-10.933934394772509,0.49619632996872703,12.896712915746928,0.2042652445082495
5958,-0.2238253921412423,1.8606068321365647,1.1803957272667873,0.14878800965128605
3920,0.29116300634795755,1.1367317453128984,1.6532045440641654,0.761089688361343
5970,0.46900227762226676,0.6315818391479874,1.2787068519731526,0.738181111093993
1882,-0.23069867319019677,1.9258906982304365,1.595101858274989,0.44936453310731905
5980,0.09656478966417659,1.6171048102121697,0.6016848566934013,0.47395639049582655
1894,-2.376580504071428,0.8050377936572243,4.331343710649278,0.4847964284957694
1895,-1.2990467115886077,3.1215609272700475,1.6972373712404134,0.4536895918132222
3955,0.7333047143788347,1.1106158655138232,0.9547417867585585,0.7615839774608785
6009,0.44436488563350485,0.6277529600918322,1.2456665311888522,0.6686233607353834
3980,0.4567154339271132,1.3601333921376215,1.2408336444943082,0.6721872252641087
1936,-0.5046393122613599,0.7375605579073826,2.4321424227914616,0.620483096453589
1939,0.5349898196129459,0.8449172284968199,1.185900779471454,0.6029802246255246
6037,-0.3101447231648433,0.22553515836106997,0.09870785225533231,0.4483154260669645
6043,0.6233119458231845,0.9475022893934507,0.6651461811199315,0.835650371092537
6044,-0.4328989976262114,1.4368441365158893,2.2913659753557525,0.5587057042252024
6048,0.2808649524092617,0.9134131186776359,1.3976876010877457,0.40712353681624835
6053,-0.9123930488871719,2.8377681027498127,1.4171717677480817,0.6746950812833177
6057,0.5106204427960284,1.410427928954955,0.7658966407597066,0.8725759703379624
6067,-2.6818278649049434,0.7462507376933558,4.618393471870791,0.36857587835736544
6072,0.0013880784065558593,0.3195281203910446,0.8533416066780141,0.2839866574719294
6077,0.6370839056997032,0.8359123572995844,0.701894501021645,0.873839592208694
6081,0.24593275538523773,0.48365544713464126,1.0184619832960318,0.4507597362720488
6091,-0.41898978386024655,0.80201066769029,2.3708425511244986,0.6915799438788373
6092,-1.9314441674609442,0.4031364603307663,3.851512917218697,0.6744344844901143
6094,-1.1121786354702072,0.22366477407024946,2.918042778032433,0.5760729936002932
6095,-1.1090592363734113,0.3051350546122774,2.9741304130188966,0.7390350931693018
2000,0.29271066837555537,0.9236434996686406,1.6208444396086408,0.6698787112379248
6096,-1.156437860274825,0.22526408771208933,2.9540872330172894,0.518801914803355
6097,-0.28472048196981126,0.7167453600648531,2.2000816942611703,0.6393374806731461
6100,-0.0652113280637554,0.5636393548086849,1.9319356225805877,0.7247536446582784
6102,0.10121654313102935,0.33278755960573153,1.5401041254693157,0.7336791495667541
2007,-0.05576923298621406,1.42863381587295,0.3004339273958975,0.33552348779526847
2008,-4.798635043536357,0.8206156431139027,6.773644871207454,0.49303400329775254
6105,-0.45461575777991015,0.7091509972559661,2.278097793846934,0.36930206140496696
2010,-0.4538496009336308,1.4003620825946268,2.3472148496598915,0.6279771326769725
2013,-0.5560210369854857,1.7378781516989787,2.287038618443225,0.5306718680683638
2014,-0.028397671979212502,0.24499648590984577,0.6186124869430527,0.41509399872456515
6111,-0.25165990178643893,0.7482030685737533,2.0456628646725545,0.3598125364323736
2017,-0.22136727843443604,0.18057354096080372,0.6904377839817908,0.14885398346069828
